source,target,status,active
/technology,/#how-it-works,301,1
/about,/#about,301,1
/company/about,/#about,301,1
/company/contact,/contact,301,1
/solutions/loan-draw-inspections,/#solutions,301,1
/solutions/insurance-claims,/#solutions,301,1
/solutions/kyc-onboarding,/#solutions,301,1
/solutions/asset-verification,/#solutions,301,1
/solutions/banking,/#solutions,301,1
/solutions/insurance,/#solutions,301,1
/solutions/real-estate,/#solutions,301,1
/solutions/government,/,301,1
/solutions/ecommerce,/,301,1
/solutions/healthcare,/,301,1
/resources/injection-attacks,/,301,1
/resources/fraud-statistics,/,301,1
/resources/compliance,/,301,1
/resources/case-studies,/,301,1
/pricing,/contact,301,1
/how-it-works,/#how-it-works,301,1
/enterprise,/#solutions,301,1
/product,/#how-it-works,301,1
